Experiment Accession,Experiment Title,Organism Name,Instrument,Submitter,Study Accession,Study Title,Sample Accession,Sample Title,"Total Size, Mb",Total RUNs,Total Spots,Total Bases,Library Name,Library Strategy,Library Source,Library Selection
SRX4629668,"Population genomic analyses of the chocolate tree, Theobroma cacao L., provide             insights into its domestication process",Theobroma cacao,Illumina HiSeq 2500,Washington State University,SRP163257,Theobroma cacao breed:multiple breeds Genome sequencing,SRS3730628,,1965.24,1,23029268,3984418605,EB2237_A1,WGS,GENOMIC,RANDOM
SRX4629667,"Population genomic analyses of the chocolate tree, Theobroma cacao L., provide             insights into its domestication process",Theobroma cacao,Illumina HiSeq 2500,Washington State University,SRP163257,Theobroma cacao breed:multiple breeds Genome sequencing,SRS3730627,,1774.7,1,22264097,3839946144,CUR3_G37_A6,WGS,GENOMIC,RANDOM
SRX4629666,"Population genomic analyses of the chocolate tree, Theobroma cacao L., provide             insights into its domestication process",Theobroma cacao,Illumina HiSeq 2500,Washington State University,SRP163257,Theobroma cacao breed:multiple breeds Genome sequencing,SRS3730626,,1877.23,1,28113819,4837172856,EET103_Borde,WGS,GENOMIC,RANDOM
SRX4629665,"Population genomic analyses of the chocolate tree, Theobroma cacao L., provide             insights into its domestication process",Theobroma cacao,Illumina HiSeq 2500,Washington State University,SRP163257,Theobroma cacao breed:multiple breeds Genome sequencing,SRS3730625,,2128.61,1,23822208,4128156351,CUR3_G35_A1,WGS,GENOMIC,RANDOM
SRX4629664,"Population genomic analyses of the chocolate tree, Theobroma cacao L., provide             insights into its domestication process",Theobroma cacao,Illumina HiSeq 2500,Washington State University,SRP163257,Theobroma cacao breed:multiple breeds Genome sequencing,SRS3730624,,2788.38,1,73392826,6385175862,RB_40,WGS,GENOMIC,RANDOM
SRX4629663,"Population genomic analyses of the chocolate tree, Theobroma cacao L., provide             insights into its domestication process",Theobroma cacao,Illumina HiSeq 2500,Washington State University,SRP163257,Theobroma cacao breed:multiple breeds Genome sequencing,SRS3730623,,15938.92,1,268966790,30996482583,RB_47_PL3,WGS,GENOMIC,RANDOM
SRX4629662,"Population genomic analyses of the chocolate tree, Theobroma cacao L., provide             insights into its domestication process",Theobroma cacao,Illumina HiSeq 2500,Washington State University,SRP163257,Theobroma cacao breed:multiple breeds Genome sequencing,SRS3730622,,4748.84,1,90846647,11513547288,PMF_27,WGS,GENOMIC,RANDOM
SRX4629661,"Population genomic analyses of the chocolate tree, Theobroma cacao L., provide             insights into its domestication process",Theobroma cacao,Illumina HiSeq 2500,Washington State University,SRP163257,Theobroma cacao breed:multiple breeds Genome sequencing,SRS3730621,,6480.37,1,169518318,14748093666,POUND_10_B,WGS,GENOMIC,RANDOM
SRX4629660,"Population genomic analyses of the chocolate tree, Theobroma cacao L., provide             insights into its domestication process",Theobroma cacao,Illumina HiSeq 2500,Washington State University,SRP163257,Theobroma cacao breed:multiple breeds Genome sequencing,SRS3730620,,2537.89,1,51318591,6014446677,PBC123,WGS,GENOMIC,RANDOM
SRX4629659,"Population genomic analyses of the chocolate tree, Theobroma cacao L., provide             insights into its domestication process",Theobroma cacao,Illumina HiSeq 2500,Washington State University,SRP163257,Theobroma cacao breed:multiple breeds Genome sequencing,SRS3730619,,5901.85,1,90280687,12680149167,PMF_20,WGS,GENOMIC,RANDOM
SRX4629658,"Population genomic analyses of the chocolate tree, Theobroma cacao L., provide             insights into its domestication process",Theobroma cacao,Illumina HiSeq 2500,Washington State University,SRP163257,Theobroma cacao breed:multiple breeds Genome sequencing,SRS3730618,,3607.74,1,48872564,8444242707,Pound_7,WGS,GENOMIC,RANDOM
SRX4629657,"Population genomic analyses of the chocolate tree, Theobroma cacao L., provide             insights into its domestication process",Theobroma cacao,Illumina HiSeq 2500,Washington State University,SRP163257,Theobroma cacao breed:multiple breeds Genome sequencing,SRS3730617,,5899.9,1,107497781,12127036749,RB39PL1,WGS,GENOMIC,RANDOM
SRX4629656,"Population genomic analyses of the chocolate tree, Theobroma cacao L., provide             insights into its domestication process",Theobroma cacao,Illumina HiSeq 2500,Washington State University,SRP163257,Theobroma cacao breed:multiple breeds Genome sequencing,SRS3730616,,5650.58,1,89140340,15359769612,POUND_7_B,WGS,GENOMIC,RANDOM
SRX4629655,"Population genomic analyses of the chocolate tree, Theobroma cacao L., provide             insights into its domestication process",Theobroma cacao,Illumina HiSeq 2500,Washington State University,SRP163257,Theobroma cacao breed:multiple breeds Genome sequencing,SRS3730615,,1638.39,1,45019810,3916723470,PlayaAlta1,WGS,GENOMIC,RANDOM
SRX4629654,"Population genomic analyses of the chocolate tree, Theobroma cacao L., provide             insights into its domestication process",Theobroma cacao,Illumina HiSeq 2500,Washington State University,SRP163257,Theobroma cacao breed:multiple breeds Genome sequencing,SRS3730614,,1498.4,1,19018631,3265374480,CUR3_G38_A8,WGS,GENOMIC,RANDOM
SRX4629653,"Population genomic analyses of the chocolate tree, Theobroma cacao L., provide             insights into its domestication process",Theobroma cacao,Illumina HiSeq 2500,Washington State University,SRP163257,Theobroma cacao breed:multiple breeds Genome sequencing,SRS3730613,,1853.79,1,23758773,4101460053,2416,WGS,GENOMIC,RANDOM
SRX4629652,"Population genomic analyses of the chocolate tree, Theobroma cacao L., provide             insights into its domestication process",Theobroma cacao,Illumina HiSeq 2500,Washington State University,SRP163257,Theobroma cacao breed:multiple breeds Genome sequencing,SRS3730612,,2039.64,1,24814091,4298864271,CCAT1858_EET547,WGS,GENOMIC,RANDOM
SRX4629651,"Population genomic analyses of the chocolate tree, Theobroma cacao L., provide             insights into its domestication process",Theobroma cacao,Illumina HiSeq 2500,Washington State University,SRP163257,Theobroma cacao breed:multiple breeds Genome sequencing,SRS3730611,,1991.41,1,22563336,3905192403,CCAT4675_EET575,WGS,GENOMIC,RANDOM
SRX4629650,"Population genomic analyses of the chocolate tree, Theobroma cacao L., provide             insights into its domestication process",Theobroma cacao,Illumina HiSeq 2500,Washington State University,SRP163257,Theobroma cacao breed:multiple breeds Genome sequencing,SRS3730610,,2814.69,1,19020017,3842043434,CATIE_1000,WGS,GENOMIC,RANDOM
SRX4629649,"Population genomic analyses of the chocolate tree, Theobroma cacao L., provide             insights into its domestication process",Theobroma cacao,Illumina HiSeq 2500,Washington State University,SRP163257,Theobroma cacao breed:multiple breeds Genome sequencing,SRS3730609,,1965.61,1,25304086,4370893398,CCAT1119_EET544_A1,WGS,GENOMIC,RANDOM
SRX4629648,"Population genomic analyses of the chocolate tree, Theobroma cacao L., provide             insights into its domestication process",Theobroma cacao,Illumina HiSeq 2500,Washington State University,SRP163257,Theobroma cacao breed:multiple breeds Genome sequencing,SRS3730608,,9434.49,1,167538869,20027583657,CAB_76_PL3,WGS,GENOMIC,RANDOM
SRX4629647,"Population genomic analyses of the chocolate tree, Theobroma cacao L., provide             insights into its domestication process",Theobroma cacao,Illumina HiSeq 2500,Washington State University,SRP163257,Theobroma cacao breed:multiple breeds Genome sequencing,SRS3730606,,4449.53,1,54111457,9366833337,CAB_77_PL5,WGS,GENOMIC,RANDOM
SRX4629646,"Population genomic analyses of the chocolate tree, Theobroma cacao L., provide             insights into its domestication process",Theobroma cacao,Illumina HiSeq 2500,Washington State University,SRP163257,Theobroma cacao breed:multiple breeds Genome sequencing,SRS3730605,,3351.43,1,45233354,7723898280,Brisas-1,WGS,GENOMIC,RANDOM
SRX4629645,"Population genomic analyses of the chocolate tree, Theobroma cacao L., provide             insights into its domestication process",Theobroma cacao,Illumina HiSeq 2500,Washington State University,SRP163257,Theobroma cacao breed:multiple breeds Genome sequencing,SRS3730604,,2799.22,1,63773694,5548311378,CAB_71_PL3,WGS,GENOMIC,RANDOM
SRX4629644,"Population genomic analyses of the chocolate tree, Theobroma cacao L., provide             insights into its domestication process",Theobroma cacao,Illumina HiSeq 2500,Washington State University,SRP163257,Theobroma cacao breed:multiple breeds Genome sequencing,SRS3730603,,1923.25,1,22361577,3871339659,2462,WGS,GENOMIC,RANDOM
SRX4629643,"Population genomic analyses of the chocolate tree, Theobroma cacao L., provide             insights into its domestication process",Theobroma cacao,Illumina HiSeq 2500,Washington State University,SRP163257,Theobroma cacao breed:multiple breeds Genome sequencing,SRS3730602,,1743.62,1,20582177,3549641673,CCAT4688_EET576_A1,WGS,GENOMIC,RANDOM
SRX4629642,"Population genomic analyses of the chocolate tree, Theobroma cacao L., provide             insights into its domestication process",Theobroma cacao,Illumina HiSeq 2500,Washington State University,SRP163257,Theobroma cacao breed:multiple breeds Genome sequencing,SRS3730601,,1238.37,1,15454155,2667892410,CCAT4998_EET577,WGS,GENOMIC,RANDOM
SRX4629641,"Population genomic analyses of the chocolate tree, Theobroma cacao L., provide             insights into its domestication process",Theobroma cacao,Illumina HiSeq 2500,Washington State University,SRP163257,Theobroma cacao breed:multiple breeds Genome sequencing,SRS3730629,,2633.89,1,40284205,6928368801,AGU_3339_12,WGS,GENOMIC,RANDOM
SRX4629640,"Population genomic analyses of the chocolate tree, Theobroma cacao L., provide             insights into its domestication process",Theobroma cacao,Illumina HiSeq 2500,Washington State University,SRP163257,Theobroma cacao breed:multiple breeds Genome sequencing,SRS3730600,,2334.2,1,26184897,4541255754,2367,WGS,GENOMIC,RANDOM
SRX4629639,"Population genomic analyses of the chocolate tree, Theobroma cacao L., provide             insights into its domestication process",Theobroma cacao,Illumina HiSeq 2500,Washington State University,SRP163257,Theobroma cacao breed:multiple breeds Genome sequencing,SRS3730599,,4840.87,1,64876425,11190320538,LP_4_48,WGS,GENOMIC,RANDOM
SRX4629638,"Population genomic analyses of the chocolate tree, Theobroma cacao L., provide             insights into its domestication process",Theobroma cacao,Illumina HiSeq 2500,Washington State University,SRP163257,Theobroma cacao breed:multiple breeds Genome sequencing,SRS3730598,,1551.98,1,19917066,3430816638,2748,WGS,GENOMIC,RANDOM
SRX4629637,"Population genomic analyses of the chocolate tree, Theobroma cacao L., provide             insights into its domestication process",Theobroma cacao,Illumina HiSeq 2500,Washington State University,SRP163257,Theobroma cacao breed:multiple breeds Genome sequencing,SRS3730597,,3825.92,1,56868027,9761527977,LP_3_40,WGS,GENOMIC,RANDOM
SRX4629636,"Population genomic analyses of the chocolate tree, Theobroma cacao L., provide             insights into its domestication process",Theobroma cacao,Illumina HiSeq 2500,Washington State University,SRP163257,Theobroma cacao breed:multiple breeds Genome sequencing,SRS3730596,,4353.92,1,65193996,11262690792,TRD86,WGS,GENOMIC,RANDOM
SRX4629635,"Population genomic analyses of the chocolate tree, Theobroma cacao L., provide             insights into its domestication process",Theobroma cacao,Illumina HiSeq 2500,Washington State University,SRP163257,Theobroma cacao breed:multiple breeds Genome sequencing,SRS3730595,,3985.82,1,71266332,12313445037,SIAL169,WGS,GENOMIC,RANDOM
SRX4629634,"Population genomic analyses of the chocolate tree, Theobroma cacao L., provide             insights into its domestication process",Theobroma cacao,Illumina HiSeq 2500,Washington State University,SRP163257,Theobroma cacao breed:multiple breeds Genome sequencing,SRS3730594,,6414.79,1,94985395,16393462722,SC_1,WGS,GENOMIC,RANDOM
SRX4629633,"Population genomic analyses of the chocolate tree, Theobroma cacao L., provide             insights into its domestication process",Theobroma cacao,Illumina HiSeq 2500,Washington State University,SRP163257,Theobroma cacao breed:multiple breeds Genome sequencing,SRS3730593,,3623.35,1,55455753,9562773606,TRD_45,WGS,GENOMIC,RANDOM
SRX4629632,"Population genomic analyses of the chocolate tree, Theobroma cacao L., provide             insights into its domestication process",Theobroma cacao,Illumina HiSeq 2500,Washington State University,SRP163257,Theobroma cacao breed:multiple breeds Genome sequencing,SRS3730592,,6813.4,1,84139365,14384585307,LCT_EEN_46,WGS,GENOMIC,RANDOM
SRX4629631,"Population genomic analyses of the chocolate tree, Theobroma cacao L., provide             insights into its domestication process",Theobroma cacao,Illumina HiSeq 2500,Washington State University,SRP163257,Theobroma cacao breed:multiple breeds Genome sequencing,SRS3730591,,4269.56,1,51685616,8936081982,REDAMEL_1_31,WGS,GENOMIC,RANDOM
SRX4629630,"Population genomic analyses of the chocolate tree, Theobroma cacao L., provide             insights into its domestication process",Theobroma cacao,Illumina HiSeq 2500,Washington State University,SRP163257,Theobroma cacao breed:multiple breeds Genome sequencing,SRS3730590,,3645.06,1,51566467,8925188799,REDAMEL_1_27,WGS,GENOMIC,RANDOM
SRX4629629,"Population genomic analyses of the chocolate tree, Theobroma cacao L., provide             insights into its domestication process",Theobroma cacao,Illumina HiSeq 2500,Washington State University,SRP163257,Theobroma cacao breed:multiple breeds Genome sequencing,SRS3730589,,4099.22,1,57805681,9964635306,SCA_10,WGS,GENOMIC,RANDOM
SRX4629628,"Population genomic analyses of the chocolate tree, Theobroma cacao L., provide             insights into its domestication process",Theobroma cacao,Illumina HiSeq 2500,Washington State University,SRP163257,Theobroma cacao breed:multiple breeds Genome sequencing,SRS3730588,,1958.42,1,24225358,4190845593,SCA6**,WGS,GENOMIC,RANDOM
SRX4629627,"Population genomic analyses of the chocolate tree, Theobroma cacao L., provide             insights into its domestication process",Theobroma cacao,Illumina HiSeq 2500,Washington State University,SRP163257,Theobroma cacao breed:multiple breeds Genome sequencing,SRS3730587,,3423.11,1,83461266,7261130142,SCA_19,WGS,GENOMIC,RANDOM
SRX4629626,"Population genomic analyses of the chocolate tree, Theobroma cacao L., provide             insights into its domestication process",Theobroma cacao,Illumina HiSeq 2500,Washington State University,SRP163257,Theobroma cacao breed:multiple breeds Genome sequencing,SRS3730586,,3550.53,1,49914269,8530578027,SCA_11,WGS,GENOMIC,RANDOM
SRX4629625,"Population genomic analyses of the chocolate tree, Theobroma cacao L., provide             insights into its domestication process",Theobroma cacao,Illumina HiSeq 2500,Washington State University,SRP163257,Theobroma cacao breed:multiple breeds Genome sequencing,SRS3730607,,5619.26,1,146789146,12770655702,SCA_5,WGS,GENOMIC,RANDOM
SRX4629624,"Population genomic analyses of the chocolate tree, Theobroma cacao L., provide             insights into its domestication process",Theobroma cacao,Illumina HiSeq 2500,Washington State University,SRP163257,Theobroma cacao breed:multiple breeds Genome sequencing,SRS3730585,,4006.18,1,53321570,9175401843,SCA_24.2,WGS,GENOMIC,RANDOM
SRX4629623,"Population genomic analyses of the chocolate tree, Theobroma cacao L., provide             insights into its domestication process",Theobroma cacao,Illumina HiSeq 2500,Washington State University,SRP163257,Theobroma cacao breed:multiple breeds Genome sequencing,SRS3730584,,1754.94,1,22985464,3960418350,LCT46_A1,WGS,GENOMIC,RANDOM
SRX4629622,"Population genomic analyses of the chocolate tree, Theobroma cacao L., provide             insights into its domestication process",Theobroma cacao,Illumina HiSeq 2500,Washington State University,SRP163257,Theobroma cacao breed:multiple breeds Genome sequencing,SRS3730583,,2506.06,1,34962504,6046474422,KA2,WGS,GENOMIC,RANDOM
SRX4629621,"Population genomic analyses of the chocolate tree, Theobroma cacao L., provide             insights into its domestication process",Theobroma cacao,Illumina HiSeq 2500,Washington State University,SRP163257,Theobroma cacao breed:multiple breeds Genome sequencing,SRS3730582,,2619.3,1,37396918,6472651317,K82,WGS,GENOMIC,RANDOM
SRX4629620,"Population genomic analyses of the chocolate tree, Theobroma cacao L., provide             insights into its domestication process",Theobroma cacao,Illumina HiSeq 2500,Washington State University,SRP163257,Theobroma cacao breed:multiple breeds Genome sequencing,SRS3730581,,1768.43,1,25492997,4378926630,EET58_A1,WGS,GENOMIC,RANDOM
SRX4629619,"Population genomic analyses of the chocolate tree, Theobroma cacao L., provide             insights into its domestication process",Theobroma cacao,Illumina HiSeq 2500,Washington State University,SRP163257,Theobroma cacao breed:multiple breeds Genome sequencing,SRS3730580,,2144.63,1,28239730,4867881246,EET462_A1,WGS,GENOMIC,RANDOM
SRX4629618,"Population genomic analyses of the chocolate tree, Theobroma cacao L., provide             insights into its domestication process",Theobroma cacao,Illumina HiSeq 2500,Washington State University,SRP163257,Theobroma cacao breed:multiple breeds Genome sequencing,SRS3730579,,1676.92,1,20133888,3480879309,EET451_A1,WGS,GENOMIC,RANDOM
SRX4629617,"Population genomic analyses of the chocolate tree, Theobroma cacao L., provide             insights into its domestication process",Theobroma cacao,Illumina HiSeq 2500,Washington State University,SRP163257,Theobroma cacao breed:multiple breeds Genome sequencing,SRS3730578,,1561.46,1,21673444,3731883705,EET446_A1,WGS,GENOMIC,RANDOM
SRX4629616,"Population genomic analyses of the chocolate tree, Theobroma cacao L., provide             insights into its domestication process",Theobroma cacao,Illumina HiSeq 2500,Washington State University,SRP163257,Theobroma cacao breed:multiple breeds Genome sequencing,SRS3730577,,1350.32,1,31450835,2736222645,EET_400,WGS,GENOMIC,RANDOM
SRX4629615,"Population genomic analyses of the chocolate tree, Theobroma cacao L., provide             insights into its domestication process",Theobroma cacao,Illumina HiSeq 2500,Washington State University,SRP163257,Theobroma cacao breed:multiple breeds Genome sequencing,SRS3730575,,3694.51,1,49900204,8603001438,EET_395,WGS,GENOMIC,RANDOM
SRX4629614,"Population genomic analyses of the chocolate tree, Theobroma cacao L., provide             insights into its domestication process",Theobroma cacao,Illumina HiSeq 2500,Washington State University,SRP163257,Theobroma cacao breed:multiple breeds Genome sequencing,SRS3730574,,4255.66,1,108464614,9436421418,EET_103,WGS,GENOMIC,RANDOM
SRX4629613,"Population genomic analyses of the chocolate tree, Theobroma cacao L., provide             insights into its domestication process",Theobroma cacao,Illumina HiSeq 2500,Washington State University,SRP163257,Theobroma cacao breed:multiple breeds Genome sequencing,SRS3730573,,2046.07,1,22234673,3852410634,EET95_A2,WGS,GENOMIC,RANDOM
SRX4629612,"Population genomic analyses of the chocolate tree, Theobroma cacao L., provide             insights into its domestication process",Theobroma cacao,Illumina HiSeq 2500,Washington State University,SRP163257,Theobroma cacao breed:multiple breeds Genome sequencing,SRS3730572,,6638.19,1,88815245,15284182098,EET_59,WGS,GENOMIC,RANDOM
SRX4629611,"Population genomic analyses of the chocolate tree, Theobroma cacao L., provide             insights into its domestication process",Theobroma cacao,Illumina HiSeq 2500,Washington State University,SRP163257,Theobroma cacao breed:multiple breeds Genome sequencing,SRS3730571,,1671.57,1,24897366,4295625000,EET_58,WGS,GENOMIC,RANDOM
SRX4629610,"Population genomic analyses of the chocolate tree, Theobroma cacao L., provide             insights into its domestication process",Theobroma cacao,Illumina HiSeq 2500,Washington State University,SRP163257,Theobroma cacao breed:multiple breeds Genome sequencing,SRS3730570,,5535.53,1,70097755,12087344130,LX_32,WGS,GENOMIC,RANDOM
SRX4629609,"Population genomic analyses of the chocolate tree, Theobroma cacao L., provide             insights into its domestication process",Theobroma cacao,Illumina HiSeq 2500,Washington State University,SRP163257,Theobroma cacao breed:multiple breeds Genome sequencing,SRS3730569,,9849.32,1,164960623,19412167842,Catongo,WGS,GENOMIC,RANDOM
SRX4629608,"Population genomic analyses of the chocolate tree, Theobroma cacao L., provide             insights into its domestication process",Theobroma cacao,Illumina HiSeq 2500,Washington State University,SRP163257,Theobroma cacao breed:multiple breeds Genome sequencing,SRS3730568,,4346.62,1,67910030,11709348444,PA_107,WGS,GENOMIC,RANDOM
SRX4629607,"Population genomic analyses of the chocolate tree, Theobroma cacao L., provide             insights into its domestication process",Theobroma cacao,Illumina HiSeq 2500,Washington State University,SRP163257,Theobroma cacao breed:multiple breeds Genome sequencing,SRS3730567,,8369.85,1,124512704,21387065841,PA_120,WGS,GENOMIC,RANDOM
SRX4629606,"Population genomic analyses of the chocolate tree, Theobroma cacao L., provide             insights into its domestication process",Theobroma cacao,Illumina HiSeq 2500,Washington State University,SRP163257,Theobroma cacao breed:multiple breeds Genome sequencing,SRS3730566,,5714.01,1,98176305,12630530370,NH_53,WGS,GENOMIC,RANDOM
SRX4629605,"Population genomic analyses of the chocolate tree, Theobroma cacao L., provide             insights into its domestication process",Theobroma cacao,Illumina HiSeq 2500,Washington State University,SRP163257,Theobroma cacao breed:multiple breeds Genome sequencing,SRS3730565,,5737.06,1,85120076,14641064439,OC_61,WGS,GENOMIC,RANDOM
SRX4629604,"Population genomic analyses of the chocolate tree, Theobroma cacao L., provide             insights into its domestication process",Theobroma cacao,Illumina HiSeq 2500,Washington State University,SRP163257,Theobroma cacao breed:multiple breeds Genome sequencing,SRS3730564,,1374.36,1,19517836,3367230165,PA107_A1,WGS,GENOMIC,RANDOM
SRX4629603,"Population genomic analyses of the chocolate tree, Theobroma cacao L., provide             insights into its domestication process",Theobroma cacao,Illumina HiSeq 2500,Washington State University,SRP163257,Theobroma cacao breed:multiple breeds Genome sequencing,SRS3730563,,7532.84,1,148052697,17379036828,PA289,WGS,GENOMIC,RANDOM
SRX4629602,"Population genomic analyses of the chocolate tree, Theobroma cacao L., provide             insights into its domestication process",Theobroma cacao,Illumina HiSeq 2500,Washington State University,SRP163257,Theobroma cacao breed:multiple breeds Genome sequencing,SRS3730562,,5026.11,1,92076062,12283553577,NA_33_T2,WGS,GENOMIC,RANDOM
SRX4629601,"Population genomic analyses of the chocolate tree, Theobroma cacao L., provide             insights into its domestication process",Theobroma cacao,Illumina HiSeq 2500,Washington State University,SRP163257,Theobroma cacao breed:multiple breeds Genome sequencing,SRS3730561,,4615.08,1,70427331,12047748342,NA_712,WGS,GENOMIC,RANDOM
SRX4629600,"Population genomic analyses of the chocolate tree, Theobroma cacao L., provide             insights into its domestication process",Theobroma cacao,Illumina HiSeq 2500,Washington State University,SRP163257,Theobroma cacao breed:multiple breeds Genome sequencing,SRS3730560,,5090.59,1,142514943,12398800041,NA_92,WGS,GENOMIC,RANDOM
SRX4629599,"Population genomic analyses of the chocolate tree, Theobroma cacao L., provide             insights into its domestication process",Theobroma cacao,Illumina HiSeq 2500,Washington State University,SRP163257,Theobroma cacao breed:multiple breeds Genome sequencing,SRS3730559,,5117.43,1,88843056,12116760222,NH_40,WGS,GENOMIC,RANDOM
SRX4629598,"Population genomic analyses of the chocolate tree, Theobroma cacao L., provide             insights into its domestication process",Theobroma cacao,Illumina HiSeq 2500,Washington State University,SRP163257,Theobroma cacao breed:multiple breeds Genome sequencing,SRS3730558,,1878.39,1,21497504,3725463105,CUR3_G39_A10,WGS,GENOMIC,RANDOM
SRX4629597,"Population genomic analyses of the chocolate tree, Theobroma cacao L., provide             insights into its domestication process",Theobroma cacao,Illumina HiSeq 2500,Washington State University,SRP163257,Theobroma cacao breed:multiple breeds Genome sequencing,SRS3730557,,4246.05,1,108911905,9475335735,GU_307,WGS,GENOMIC,RANDOM
SRX4629596,"Population genomic analyses of the chocolate tree, Theobroma cacao L., provide             insights into its domestication process",Theobroma cacao,Illumina HiSeq 2500,Washington State University,SRP163257,Theobroma cacao breed:multiple breeds Genome sequencing,SRS3730556,,6141.23,1,105336203,13634478180,GU_308A,WGS,GENOMIC,RANDOM
SRX4629595,"Population genomic analyses of the chocolate tree, Theobroma cacao L., provide             insights into its domestication process",Theobroma cacao,Illumina HiSeq 2500,Washington State University,SRP163257,Theobroma cacao breed:multiple breeds Genome sequencing,SRS3730555,,5783.73,1,85519860,14704330839,IMC67,WGS,GENOMIC,RANDOM
SRX4629594,"Population genomic analyses of the chocolate tree, Theobroma cacao L., provide             insights into its domestication process",Theobroma cacao,Illumina HiSeq 2500,Washington State University,SRP163257,Theobroma cacao breed:multiple breeds Genome sequencing,SRS3730554,,1089.14,1,14337271,2468550528,ICS_95,WGS,GENOMIC,RANDOM
SRX4629593,"Population genomic analyses of the chocolate tree, Theobroma cacao L., provide             insights into its domestication process",Theobroma cacao,Illumina HiSeq 2500,Washington State University,SRP163257,Theobroma cacao breed:multiple breeds Genome sequencing,SRS3730553,,4492.06,1,127304182,11075463834,PA_88,WGS,GENOMIC,RANDOM
SRX4629592,"Population genomic analyses of the chocolate tree, Theobroma cacao L., provide             insights into its domestication process",Theobroma cacao,Illumina HiSeq 2500,Washington State University,SRP163257,Theobroma cacao breed:multiple breeds Genome sequencing,SRS3730552,,4760.51,1,132356401,11515006887,PA_70,WGS,GENOMIC,RANDOM
SRX4629591,"Population genomic analyses of the chocolate tree, Theobroma cacao L., provide             insights into its domestication process",Theobroma cacao,Illumina HiSeq 2500,Washington State University,SRP163257,Theobroma cacao breed:multiple breeds Genome sequencing,SRS3730551,,6901.32,1,135009335,17885134446,PA_150,WGS,GENOMIC,RANDOM
SRX4629590,"Population genomic analyses of the chocolate tree, Theobroma cacao L., provide             insights into its domestication process",Theobroma cacao,Illumina HiSeq 2500,Washington State University,SRP163257,Theobroma cacao breed:multiple breeds Genome sequencing,SRS3730550,,3340.67,1,96836040,8424735480,PA_137,WGS,GENOMIC,RANDOM
SRX4629589,"Population genomic analyses of the chocolate tree, Theobroma cacao L., provide             insights into its domestication process",Theobroma cacao,Illumina HiSeq 2500,Washington State University,SRP163257,Theobroma cacao breed:multiple breeds Genome sequencing,SRS3730549,,2850.95,1,40469189,6975482520,PA_13,WGS,GENOMIC,RANDOM
SRX4629588,"Population genomic analyses of the chocolate tree, Theobroma cacao L., provide             insights into its domestication process",Theobroma cacao,Illumina HiSeq 2500,Washington State University,SRP163257,Theobroma cacao breed:multiple breeds Genome sequencing,SRS3730548,,7845.38,1,176358807,19637041005,PA_121,WGS,GENOMIC,RANDOM
SRX4629587,"Population genomic analyses of the chocolate tree, Theobroma cacao L., provide             insights into its domestication process",Theobroma cacao,Illumina HiSeq 2500,Washington State University,SRP163257,Theobroma cacao breed:multiple breeds Genome sequencing,SRS3730547,,4539.22,1,70936832,12225785751,PA_56,WGS,GENOMIC,RANDOM
SRX4629586,"Population genomic analyses of the chocolate tree, Theobroma cacao L., provide             insights into its domestication process",Theobroma cacao,Illumina HiSeq 2500,Washington State University,SRP163257,Theobroma cacao breed:multiple breeds Genome sequencing,SRS3730546,,6469.03,1,101134708,17351637135,PA_51,WGS,GENOMIC,RANDOM
SRX4629585,"Population genomic analyses of the chocolate tree, Theobroma cacao L., provide             insights into its domestication process",Theobroma cacao,Illumina HiSeq 2500,Washington State University,SRP163257,Theobroma cacao breed:multiple breeds Genome sequencing,SRS3730545,,5127.88,1,103744734,13610377875,PA_218,WGS,GENOMIC,RANDOM
SRX4629584,"Population genomic analyses of the chocolate tree, Theobroma cacao L., provide             insights into its domestication process",Theobroma cacao,Illumina HiSeq 2500,Washington State University,SRP163257,Theobroma cacao breed:multiple breeds Genome sequencing,SRS3730576,,6516.55,1,133222730,16292706021,PA_169,WGS,GENOMIC,RANDOM
SRX4629583,"Population genomic analyses of the chocolate tree, Theobroma cacao L., provide             insights into its domestication process",Theobroma cacao,Illumina HiSeq 2500,Washington State University,SRP163257,Theobroma cacao breed:multiple breeds Genome sequencing,SRS3730544,,9648.4,1,173444003,20282068227,EET397,WGS,GENOMIC,RANDOM
SRX4629582,"Population genomic analyses of the chocolate tree, Theobroma cacao L., provide             insights into its domestication process",Theobroma cacao,Illumina HiSeq 2500,Washington State University,SRP163257,Theobroma cacao breed:multiple breeds Genome sequencing,SRS3730543,,2431.51,1,28823597,4995113265,AMAZ-11_G21_A10,WGS,GENOMIC,RANDOM
SRX4629581,"Population genomic analyses of the chocolate tree, Theobroma cacao L., provide             insights into its domestication process",Theobroma cacao,Illumina HiSeq 2500,Washington State University,SRP163257,Theobroma cacao breed:multiple breeds Genome sequencing,SRS3730542,,1861.42,1,23405180,4048093644,AMAZ-11_G18_A1,WGS,GENOMIC,RANDOM
SRX4629580,"Population genomic analyses of the chocolate tree, Theobroma cacao L., provide             insights into its domestication process",Theobroma cacao,Illumina HiSeq 2500,Washington State University,SRP163257,Theobroma cacao breed:multiple breeds Genome sequencing,SRS3730541,,3436.09,1,48427779,8353935663,UF273_T1,WGS,GENOMIC,RANDOM
SRX4629579,"Population genomic analyses of the chocolate tree, Theobroma cacao L., provide             insights into its domestication process",Theobroma cacao,Illumina HiSeq 2500,Washington State University,SRP163257,Theobroma cacao breed:multiple breeds Genome sequencing,SRS3730540,,2732.1,1,39318470,6785179677,UF273_T2,WGS,GENOMIC,RANDOM
SRX4629578,"Population genomic analyses of the chocolate tree, Theobroma cacao L., provide             insights into its domestication process",Theobroma cacao,Illumina HiSeq 2500,Washington State University,SRP163257,Theobroma cacao breed:multiple breeds Genome sequencing,SRS3730539,,6011.55,1,115676116,13187203785,TSH516,WGS,GENOMIC,RANDOM
SRX4629577,"Population genomic analyses of the chocolate tree, Theobroma cacao L., provide             insights into its domestication process",Theobroma cacao,Illumina HiSeq 2500,Washington State University,SRP163257,Theobroma cacao breed:multiple breeds Genome sequencing,SRS3730538,,3436.89,1,43085226,7409174649,UF12,WGS,GENOMIC,RANDOM
SRX4629576,"Population genomic analyses of the chocolate tree, Theobroma cacao L., provide             insights into its domestication process",Theobroma cacao,Illumina HiSeq 2500,Washington State University,SRP163257,Theobroma cacao breed:multiple breeds Genome sequencing,SRS3730537,,8584.74,1,151979159,17915860236,TSA654Zymo,WGS,GENOMIC,RANDOM
SRX4629575,"Population genomic analyses of the chocolate tree, Theobroma cacao L., provide             insights into its domestication process",Theobroma cacao,Illumina HiSeq 2500,Washington State University,SRP163257,Theobroma cacao breed:multiple breeds Genome sequencing,SRS3730535,,2651.02,1,38156627,6549250815,TSH1188,WGS,GENOMIC,RANDOM
SRX4629574,"Population genomic analyses of the chocolate tree, Theobroma cacao L., provide             insights into its domestication process",Theobroma cacao,Illumina HiSeq 2500,Washington State University,SRP163257,Theobroma cacao breed:multiple breeds Genome sequencing,SRS3730536,,1432.05,1,16462648,2843955180,2126,WGS,GENOMIC,RANDOM
SRX4629573,"Population genomic analyses of the chocolate tree, Theobroma cacao L., provide             insights into its domestication process",Theobroma cacao,Illumina HiSeq 2500,Washington State University,SRP163257,Theobroma cacao breed:multiple breeds Genome sequencing,SRS3730534,,1966.23,1,26067496,4495564137,2076,WGS,GENOMIC,RANDOM
SRX4629572,"Population genomic analyses of the chocolate tree, Theobroma cacao L., provide             insights into its domestication process",Theobroma cacao,Illumina HiSeq 2500,Washington State University,SRP163257,Theobroma cacao breed:multiple breeds Genome sequencing,SRS3730533,,1985.56,1,28422849,4902073290,TAP6_G12_A1,WGS,GENOMIC,RANDOM
SRX4629571,"Population genomic analyses of the chocolate tree, Theobroma cacao L., provide             insights into its domestication process",Theobroma cacao,Illumina HiSeq 2500,Washington State University,SRP163257,Theobroma cacao breed:multiple breeds Genome sequencing,SRS3730532,,2084,1,24628897,4260729561,TIP-1_G41_A1,WGS,GENOMIC,RANDOM
SRX4629570,"Population genomic analyses of the chocolate tree, Theobroma cacao L., provide             insights into its domestication process",Theobroma cacao,Illumina HiSeq 2500,Washington State University,SRP163257,Theobroma cacao breed:multiple breeds Genome sequencing,SRS3730531,,4525.87,1,63736396,10984340295,GU_175_P,WGS,GENOMIC,RANDOM
SRX4629569,"Population genomic analyses of the chocolate tree, Theobroma cacao L., provide             insights into its domestication process",Theobroma cacao,Illumina HiSeq 2500,Washington State University,SRP163257,Theobroma cacao breed:multiple breeds Genome sequencing,SRS3730530,,4649.98,1,59864774,10305496956,ICA_70,WGS,GENOMIC,RANDOM
SRX4629568,"Population genomic analyses of the chocolate tree, Theobroma cacao L., provide             insights into its domestication process",Theobroma cacao,Illumina HiSeq 2500,Washington State University,SRP163257,Theobroma cacao breed:multiple breeds Genome sequencing,SRS3730529,,6395.93,1,77039225,13300293606,GU_291_F,WGS,GENOMIC,RANDOM
SRX4629567,"Population genomic analyses of the chocolate tree, Theobroma cacao L., provide             insights into its domestication process",Theobroma cacao,Illumina HiSeq 2500,Washington State University,SRP163257,Theobroma cacao breed:multiple breeds Genome sequencing,SRS3730528,,4298.42,1,118823608,10337653896,IMC_36,WGS,GENOMIC,RANDOM
SRX4629566,"Population genomic analyses of the chocolate tree, Theobroma cacao L., provide             insights into its domestication process",Theobroma cacao,Illumina HiSeq 2500,Washington State University,SRP163257,Theobroma cacao breed:multiple breeds Genome sequencing,SRS3730527,,4267,1,101294215,8812596705,MAN_15_2,WGS,GENOMIC,RANDOM
SRX4629565,"Population genomic analyses of the chocolate tree, Theobroma cacao L., provide             insights into its domestication process",Theobroma cacao,Illumina HiSeq 2500,Washington State University,SRP163257,Theobroma cacao breed:multiple breeds Genome sequencing,SRS3730526,,2211.41,1,30395642,5218486635,MATINA_Tica2,WGS,GENOMIC,RANDOM
SRX4629564,"Population genomic analyses of the chocolate tree, Theobroma cacao L., provide             insights into its domestication process",Theobroma cacao,Illumina HiSeq 2500,Washington State University,SRP163257,Theobroma cacao breed:multiple breeds Genome sequencing,SRS3730525,,3478.34,1,47720498,8221786143,M06,WGS,GENOMIC,RANDOM
SRX4629563,"Population genomic analyses of the chocolate tree, Theobroma cacao L., provide             insights into its domestication process",Theobroma cacao,Illumina HiSeq 2500,Washington State University,SRP163257,Theobroma cacao breed:multiple breeds Genome sequencing,SRS3730524,,2213.92,1,31970814,5518588002,M07,WGS,GENOMIC,RANDOM
SRX4629562,"Population genomic analyses of the chocolate tree, Theobroma cacao L., provide             insights into its domestication process",Theobroma cacao,Illumina HiSeq 2500,Washington State University,SRP163257,Theobroma cacao breed:multiple breeds Genome sequencing,SRS3730523,,4152.55,1,55831095,9553341240,M04,WGS,GENOMIC,RANDOM
SRX4629561,"Population genomic analyses of the chocolate tree, Theobroma cacao L., provide             insights into its domestication process",Theobroma cacao,Illumina HiSeq 2500,Washington State University,SRP163257,Theobroma cacao breed:multiple breeds Genome sequencing,SRS3730522,,8047.65,1,113751402,19487935968,M05,WGS,GENOMIC,RANDOM
SRX4629560,"Population genomic analyses of the chocolate tree, Theobroma cacao L., provide             insights into its domestication process",Theobroma cacao,Illumina HiSeq 2500,Washington State University,SRP163257,Theobroma cacao breed:multiple breeds Genome sequencing,SRS3730521,,4539.24,1,65830751,11314935249,M01,WGS,GENOMIC,RANDOM
SRX4629559,"Population genomic analyses of the chocolate tree, Theobroma cacao L., provide             insights into its domestication process",Theobroma cacao,Illumina HiSeq 2500,Washington State University,SRP163257,Theobroma cacao breed:multiple breeds Genome sequencing,SRS3730520,,4307.13,1,63066761,10822986354,M02,WGS,GENOMIC,RANDOM
SRX4629558,"Population genomic analyses of the chocolate tree, Theobroma cacao L., provide             insights into its domestication process",Theobroma cacao,Illumina HiSeq 2500,Washington State University,SRP163257,Theobroma cacao breed:multiple breeds Genome sequencing,SRS3730519,,3416.55,1,44839283,7751414031,GU255_V,WGS,GENOMIC,RANDOM
SRX4629557,"Population genomic analyses of the chocolate tree, Theobroma cacao L., provide             insights into its domestication process",Theobroma cacao,Illumina HiSeq 2500,Washington State University,SRP163257,Theobroma cacao breed:multiple breeds Genome sequencing,SRS3730518,,2148.05,1,33055821,5705264859,GU_114_P,WGS,GENOMIC,RANDOM
SRX4629556,"Population genomic analyses of the chocolate tree, Theobroma cacao L., provide             insights into its domestication process",Theobroma cacao,Illumina HiSeq 2500,Washington State University,SRP163257,Theobroma cacao breed:multiple breeds Genome sequencing,SRS3730517,,4818.71,1,136237157,11852632659,ELP_20_A,WGS,GENOMIC,RANDOM
SRX4629555,"Population genomic analyses of the chocolate tree, Theobroma cacao L., provide             insights into its domestication process",Theobroma cacao,Illumina HiSeq 2500,Washington State University,SRP163257,Theobroma cacao breed:multiple breeds Genome sequencing,SRS3730515,,3518.61,1,50695292,8731856181,FSC_13,WGS,GENOMIC,RANDOM
SRX4629554,"Population genomic analyses of the chocolate tree, Theobroma cacao L., provide             insights into its domestication process",Theobroma cacao,Illumina HiSeq 2500,Washington State University,SRP163257,Theobroma cacao breed:multiple breeds Genome sequencing,SRS3730514,,4720.48,1,64221534,11078230782,GU_222,WGS,GENOMIC,RANDOM
SRX4629553,"Population genomic analyses of the chocolate tree, Theobroma cacao L., provide             insights into its domestication process",Theobroma cacao,Illumina HiSeq 2500,Washington State University,SRP163257,Theobroma cacao breed:multiple breeds Genome sequencing,SRS3730513,,4866.52,1,69698251,12009443721,GU_300_P,WGS,GENOMIC,RANDOM
SRX4629552,"Population genomic analyses of the chocolate tree, Theobroma cacao L., provide             insights into its domestication process",Theobroma cacao,Illumina HiSeq 2500,Washington State University,SRP163257,Theobroma cacao breed:multiple breeds Genome sequencing,SRS3730512,,4181.48,1,63828611,11020903089,MO_109,WGS,GENOMIC,RANDOM
SRX4629551,"Population genomic analyses of the chocolate tree, Theobroma cacao L., provide             insights into its domestication process",Theobroma cacao,Illumina HiSeq 2500,Washington State University,SRP163257,Theobroma cacao breed:multiple breeds Genome sequencing,SRS3730511,,2579.94,1,40467522,6966533091,MO_4,WGS,GENOMIC,RANDOM
SRX4629550,"Population genomic analyses of the chocolate tree, Theobroma cacao L., provide             insights into its domestication process",Theobroma cacao,Illumina HiSeq 2500,Washington State University,SRP163257,Theobroma cacao breed:multiple breeds Genome sequencing,SRS3730510,,3683.18,1,107055624,9313839288,IMC_47,WGS,GENOMIC,RANDOM
SRX4629549,"Population genomic analyses of the chocolate tree, Theobroma cacao L., provide             insights into its domestication process",Theobroma cacao,Illumina HiSeq 2500,Washington State University,SRP163257,Theobroma cacao breed:multiple breeds Genome sequencing,SRS3730509,,3705.9,1,51905566,8895433929,sp9,WGS,GENOMIC,RANDOM
SRX4629548,"Population genomic analyses of the chocolate tree, Theobroma cacao L., provide             insights into its domestication process",Theobroma cacao,Illumina HiSeq 2500,Washington State University,SRP163257,Theobroma cacao breed:multiple breeds Genome sequencing,SRS3730508,,2788.63,1,38914638,6678513327,sp3,WGS,GENOMIC,RANDOM
SRX4629547,"Population genomic analyses of the chocolate tree, Theobroma cacao L., provide             insights into its domestication process",Theobroma cacao,Illumina HiSeq 2500,Washington State University,SRP163257,Theobroma cacao breed:multiple breeds Genome sequencing,SRS3730507,,3861.6,1,49694782,8607630708,mvP30,WGS,GENOMIC,RANDOM
SRX4629546,"Population genomic analyses of the chocolate tree, Theobroma cacao L., provide             insights into its domestication process",Theobroma cacao,Illumina HiSeq 2500,Washington State University,SRP163257,Theobroma cacao breed:multiple breeds Genome sequencing,SRS3730506,,1559.82,1,22325701,3858162813,criollo,WGS,GENOMIC,RANDOM
SRX4629545,"Population genomic analyses of the chocolate tree, Theobroma cacao L., provide             insights into its domestication process",Theobroma cacao,Illumina HiSeq 2500,Washington State University,SRP163257,Theobroma cacao breed:multiple breeds Genome sequencing,SRS3730505,,2537.28,1,46355187,5871027264,sp1,WGS,GENOMIC,RANDOM
SRX4629544,"Population genomic analyses of the chocolate tree, Theobroma cacao L., provide             insights into its domestication process",Theobroma cacao,Illumina HiSeq 2500,Washington State University,SRP163257,Theobroma cacao breed:multiple breeds Genome sequencing,SRS3730504,,2584.98,1,35568925,6148076589,mvT85,WGS,GENOMIC,RANDOM
SRX4629543,"Population genomic analyses of the chocolate tree, Theobroma cacao L., provide             insights into its domestication process",Theobroma cacao,Illumina HiSeq 2500,Washington State University,SRP163257,Theobroma cacao breed:multiple breeds Genome sequencing,SRS3730503,,7475.07,1,130803772,15008385399,UF_668,WGS,GENOMIC,RANDOM
SRX4629542,"Population genomic analyses of the chocolate tree, Theobroma cacao L., provide             insights into its domestication process",Theobroma cacao,Illumina HiSeq 2500,Washington State University,SRP163257,Theobroma cacao breed:multiple breeds Genome sequencing,SRS3730502,,4125.19,1,62851404,10879055157,UF_11,WGS,GENOMIC,RANDOM
SRX4629541,"Population genomic analyses of the chocolate tree, Theobroma cacao L., provide             insights into its domestication process",Theobroma cacao,Illumina HiSeq 2500,Washington State University,SRP163257,Theobroma cacao breed:multiple breeds Genome sequencing,SRS3730501,,1821.68,1,21353922,3695850567,UNAP2_G78_A2,WGS,GENOMIC,RANDOM
SRX4629540,"Population genomic analyses of the chocolate tree, Theobroma cacao L., provide             insights into its domestication process",Theobroma cacao,Illumina HiSeq 2500,Washington State University,SRP163257,Theobroma cacao breed:multiple breeds Genome sequencing,SRS3730500,,3335.61,1,92749195,8069179965,UF_676,WGS,GENOMIC,RANDOM
SRX4629539,"Population genomic analyses of the chocolate tree, Theobroma cacao L., provide             insights into its domestication process",Theobroma cacao,Illumina HiSeq 2500,Washington State University,SRP163257,Theobroma cacao breed:multiple breeds Genome sequencing,SRS3730499,,2799.51,1,37929331,6536653911,IMC_50,WGS,GENOMIC,RANDOM
SRX4629538,"Population genomic analyses of the chocolate tree, Theobroma cacao L., provide             insights into its domestication process",Theobroma cacao,Illumina HiSeq 2500,Washington State University,SRP163257,Theobroma cacao breed:multiple breeds Genome sequencing,SRS3730498,,5974.94,1,102704800,13550223030,Mocorongo,WGS,GENOMIC,RANDOM
SRX4629537,"Population genomic analyses of the chocolate tree, Theobroma cacao L., provide             insights into its domestication process",Theobroma cacao,Illumina HiSeq 2500,Washington State University,SRP163257,Theobroma cacao breed:multiple breeds Genome sequencing,SRS3730497,,4774.43,1,65444210,11335709892,Matina,WGS,GENOMIC,RANDOM
SRX4629536,"Population genomic analyses of the chocolate tree, Theobroma cacao L., provide             insights into its domestication process",Theobroma cacao,Illumina HiSeq 2500,Washington State University,SRP163257,Theobroma cacao breed:multiple breeds Genome sequencing,SRS3730496,,6700.7,1,186565615,16231208505,NA702,WGS,GENOMIC,RANDOM
SRX4629535,"Population genomic analyses of the chocolate tree, Theobroma cacao L., provide             insights into its domestication process",Theobroma cacao,Illumina HiSeq 2500,Washington State University,SRP163257,Theobroma cacao breed:multiple breeds Genome sequencing,SRS3730495,,4744.55,1,134757985,11723944695,NA45,WGS,GENOMIC,RANDOM
SRX4629534,"Population genomic analyses of the chocolate tree, Theobroma cacao L., provide             insights into its domestication process",Theobroma cacao,Illumina HiSeq 2500,Washington State University,SRP163257,Theobroma cacao breed:multiple breeds Genome sequencing,SRS3730494,,5027.64,1,67674584,11586000975,MO_99,WGS,GENOMIC,RANDOM
SRX4629533,"Population genomic analyses of the chocolate tree, Theobroma cacao L., provide             insights into its domestication process",Theobroma cacao,Illumina HiSeq 2500,Washington State University,SRP163257,Theobroma cacao breed:multiple breeds Genome sequencing,SRS3730493,,3754.25,1,56044072,9657347826,MO_9,WGS,GENOMIC,RANDOM
SRX4629532,"Population genomic analyses of the chocolate tree, Theobroma cacao L., provide             insights into its domestication process",Theobroma cacao,Illumina HiSeq 2500,Washington State University,SRP163257,Theobroma cacao breed:multiple breeds Genome sequencing,SRS3730492,,6256.22,1,88221274,15225804141,M_8,WGS,GENOMIC,RANDOM
SRX4629531,"Population genomic analyses of the chocolate tree, Theobroma cacao L., provide             insights into its domestication process",Theobroma cacao,Illumina HiSeq 2500,Washington State University,SRP163257,Theobroma cacao breed:multiple breeds Genome sequencing,SRS3730491,,3355.54,1,49064415,8461685859,MXC_67,WGS,GENOMIC,RANDOM
SRX4629530,"Population genomic analyses of the chocolate tree, Theobroma cacao L., provide             insights into its domestication process",Theobroma cacao,Illumina HiSeq 2500,Washington State University,SRP163257,Theobroma cacao breed:multiple breeds Genome sequencing,SRS3730490,,5197.31,1,93977344,13754032426,NA_331,WGS,GENOMIC,RANDOM
SRX4629529,"Population genomic analyses of the chocolate tree, Theobroma cacao L., provide             insights into its domestication process",Theobroma cacao,Illumina HiSeq 2500,Washington State University,SRP163257,Theobroma cacao breed:multiple breeds Genome sequencing,SRS3730489,,5227.25,1,79664092,13725804168,NA_286,WGS,GENOMIC,RANDOM
SRX4629528,"Population genomic analyses of the chocolate tree, Theobroma cacao L., provide             insights into its domestication process",Theobroma cacao,Illumina HiSeq 2500,Washington State University,SRP163257,Theobroma cacao breed:multiple breeds Genome sequencing,SRS3730488,,3850.93,1,54622162,9442193520,LX_43,WGS,GENOMIC,RANDOM
SRX4629527,"Population genomic analyses of the chocolate tree, Theobroma cacao L., provide             insights into its domestication process",Theobroma cacao,Illumina HiSeq 2500,Washington State University,SRP163257,Theobroma cacao breed:multiple breeds Genome sequencing,SRS3730487,,4110.63,1,58861279,10106106528,LCT_EEN_83_S-8,WGS,GENOMIC,RANDOM
SRX4629526,"Population genomic analyses of the chocolate tree, Theobroma cacao L., provide             insights into its domestication process",Theobroma cacao,Illumina HiSeq 2500,Washington State University,SRP163257,Theobroma cacao breed:multiple breeds Genome sequencing,SRS3730486,,1984.29,1,25356597,4370855727,2699,WGS,GENOMIC,RANDOM
SRX4629525,"Population genomic analyses of the chocolate tree, Theobroma cacao L., provide             insights into its domestication process",Theobroma cacao,Illumina HiSeq 2500,Washington State University,SRP163257,Theobroma cacao breed:multiple breeds Genome sequencing,SRS3730485,,8837.19,1,141725015,16775276316,ICS39,WGS,GENOMIC,RANDOM
SRX4629524,"Population genomic analyses of the chocolate tree, Theobroma cacao L., provide             insights into its domestication process",Theobroma cacao,Illumina HiSeq 2500,Washington State University,SRP163257,Theobroma cacao breed:multiple breeds Genome sequencing,SRS3730484,,3035.63,1,43744404,7528065282,B_6_8,WGS,GENOMIC,RANDOM
SRX4629523,"Population genomic analyses of the chocolate tree, Theobroma cacao L., provide             insights into its domestication process",Theobroma cacao,Illumina HiSeq 2500,Washington State University,SRP163257,Theobroma cacao breed:multiple breeds Genome sequencing,SRS3730483,,5889.76,1,81303799,13973860308,B_6_3,WGS,GENOMIC,RANDOM
SRX4629522,"Population genomic analyses of the chocolate tree, Theobroma cacao L., provide             insights into its domestication process",Theobroma cacao,Illumina HiSeq 2500,Washington State University,SRP163257,Theobroma cacao breed:multiple breeds Genome sequencing,SRS3730482,,4015,1,78208719,9311783913,BR25,WGS,GENOMIC,RANDOM
SRX4629521,"Population genomic analyses of the chocolate tree, Theobroma cacao L., provide             insights into its domestication process",Theobroma cacao,Illumina HiSeq 2500,Washington State University,SRP163257,Theobroma cacao breed:multiple breeds Genome sequencing,SRS3730481,,3700.52,1,74427109,8575207809,BE_10,WGS,GENOMIC,RANDOM
SRX4629520,"Population genomic analyses of the chocolate tree, Theobroma cacao L., provide             insights into its domestication process",Theobroma cacao,Illumina HiSeq 2500,Washington State University,SRP163257,Theobroma cacao breed:multiple breeds Genome sequencing,SRS3730480,,5764.17,1,68611627,11754219477,AM_2_18,WGS,GENOMIC,RANDOM
SRX4629519,"Population genomic analyses of the chocolate tree, Theobroma cacao L., provide             insights into its domestication process",Theobroma cacao,Illumina HiSeq 2500,Washington State University,SRP163257,Theobroma cacao breed:multiple breeds Genome sequencing,SRS3730479,,2332.57,1,33693456,5807999070,AM_1_54,WGS,GENOMIC,RANDOM
SRX4629518,"Population genomic analyses of the chocolate tree, Theobroma cacao L., provide             insights into its domestication process",Theobroma cacao,Illumina HiSeq 2500,Washington State University,SRP163257,Theobroma cacao breed:multiple breeds Genome sequencing,SRS3730478,,4850.97,1,95450847,11033431698,AMAZ_15_15,WGS,GENOMIC,RANDOM
SRX4629517,"Population genomic analyses of the chocolate tree, Theobroma cacao L., provide             insights into its domestication process",Theobroma cacao,Illumina HiSeq 2500,Washington State University,SRP163257,Theobroma cacao breed:multiple breeds Genome sequencing,SRS3730477,,9493.39,1,219699082,19113820134,AMAZ_12,WGS,GENOMIC,RANDOM
SRX4629516,"Population genomic analyses of the chocolate tree, Theobroma cacao L., provide             insights into its domestication process",Theobroma cacao,Illumina HiSeq 2500,Washington State University,SRP163257,Theobroma cacao breed:multiple breeds Genome sequencing,SRS3730476,,1946.09,1,28638827,4931299287,AMAZ-14_G24_A5,WGS,GENOMIC,RANDOM
SRX4629515,"Population genomic analyses of the chocolate tree, Theobroma cacao L., provide             insights into its domestication process",Theobroma cacao,Illumina HiSeq 2500,Washington State University,SRP163257,Theobroma cacao breed:multiple breeds Genome sequencing,SRS3730475,,1771.43,1,26261803,4514080869,AMAZ-14_G23_A1,WGS,GENOMIC,RANDOM
SRX4629514,"Population genomic analyses of the chocolate tree, Theobroma cacao L., provide             insights into its domestication process",Theobroma cacao,Illumina HiSeq 2500,Washington State University,SRP163257,Theobroma cacao breed:multiple breeds Genome sequencing,SRS3730474,,7134.81,1,184175367,16023256929,ICS_1,WGS,GENOMIC,RANDOM
SRX4629513,"Population genomic analyses of the chocolate tree, Theobroma cacao L., provide             insights into its domestication process",Theobroma cacao,Illumina HiSeq 2500,Washington State University,SRP163257,Theobroma cacao breed:multiple breeds Genome sequencing,SRS3730473,,8235.39,1,151899219,17350198590,ICS40,WGS,GENOMIC,RANDOM
SRX4629512,"Population genomic analyses of the chocolate tree, Theobroma cacao L., provide             insights into its domestication process",Theobroma cacao,Illumina HiSeq 2500,Washington State University,SRP163257,Theobroma cacao breed:multiple breeds Genome sequencing,SRS3730472,,3627.55,1,55860849,9644306874,ICS_6,WGS,GENOMIC,RANDOM
SRX4629511,"Population genomic analyses of the chocolate tree, Theobroma cacao L., provide             insights into its domestication process",Theobroma cacao,Illumina HiSeq 2500,Washington State University,SRP163257,Theobroma cacao breed:multiple breeds Genome sequencing,SRS3730471,,3659.6,1,54795882,9466424325,ICS_43,WGS,GENOMIC,RANDOM
SRX4629510,"Population genomic analyses of the chocolate tree, Theobroma cacao L., provide             insights into its domestication process",Theobroma cacao,Illumina HiSeq 2500,Washington State University,SRP163257,Theobroma cacao breed:multiple breeds Genome sequencing,SRS3730470,,4033.19,1,50023938,8579802888,ICS_61,WGS,GENOMIC,RANDOM
SRX4629509,"Population genomic analyses of the chocolate tree, Theobroma cacao L., provide             insights into its domestication process",Theobroma cacao,Illumina HiSeq 2500,Washington State University,SRP163257,Theobroma cacao breed:multiple breeds Genome sequencing,SRS3730469,,7941.06,1,105405514,18128527386,ICS_60,WGS,GENOMIC,RANDOM
SRX4629508,"Population genomic analyses of the chocolate tree, Theobroma cacao L., provide             insights into its domestication process",Theobroma cacao,Illumina HiSeq 2500,Washington State University,SRP163257,Theobroma cacao breed:multiple breeds Genome sequencing,SRS3730468,,3739.93,1,53385705,9225022989,SIAL70,WGS,GENOMIC,RANDOM
SRX4629507,"Population genomic analyses of the chocolate tree, Theobroma cacao L., provide             insights into its domestication process",Theobroma cacao,Illumina HiSeq 2500,Washington State University,SRP163257,Theobroma cacao breed:multiple breeds Genome sequencing,SRS3730467,,12003.62,1,195487026,23000109525,SIAL84,WGS,GENOMIC,RANDOM
SRX4629506,"Population genomic analyses of the chocolate tree, Theobroma cacao L., provide             insights into its domestication process",Theobroma cacao,Illumina HiSeq 2500,Washington State University,SRP163257,Theobroma cacao breed:multiple breeds Genome sequencing,SRS3730466,,3192.45,1,45628394,7888742400,SIC806,WGS,GENOMIC,RANDOM
SRX4629505,"Population genomic analyses of the chocolate tree, Theobroma cacao L., provide             insights into its domestication process",Theobroma cacao,Illumina HiSeq 2500,Washington State University,SRP163257,Theobroma cacao breed:multiple breeds Genome sequencing,SRS3730465,,1558.52,1,20413630,3513503178,SIL-1_G56_A6,WGS,GENOMIC,RANDOM
SRX4629504,"Population genomic analyses of the chocolate tree, Theobroma cacao L., provide             insights into its domestication process",Theobroma cacao,Illumina HiSeq 2500,Washington State University,SRP163257,Theobroma cacao breed:multiple breeds Genome sequencing,SRS3730464,,3926.63,1,59267307,10201722573,SJ_2_22,WGS,GENOMIC,RANDOM
SRX4629503,"Population genomic analyses of the chocolate tree, Theobroma cacao L., provide             insights into its domestication process",Theobroma cacao,Illumina HiSeq 2500,Washington State University,SRP163257,Theobroma cacao breed:multiple breeds Genome sequencing,SRS3730463,,2249.71,1,32466405,5583445371,SLC_4,WGS,GENOMIC,RANDOM
SRX4629502,"Population genomic analyses of the chocolate tree, Theobroma cacao L., provide             insights into its domestication process",Theobroma cacao,Illumina HiSeq 2500,Washington State University,SRP163257,Theobroma cacao breed:multiple breeds Genome sequencing,SRS3730462,,2389.24,1,33017609,5700692139,SNA0707,WGS,GENOMIC,RANDOM
SRX4629501,"Population genomic analyses of the chocolate tree, Theobroma cacao L., provide             insights into its domestication process",Theobroma cacao,Illumina HiSeq 2500,Washington State University,SRP163257,Theobroma cacao breed:multiple breeds Genome sequencing,SRS3730461,,4354.27,1,57656636,9980969904,SPA_7,WGS,GENOMIC,RANDOM
SRX4629500,"Population genomic analyses of the chocolate tree, Theobroma cacao L., provide             insights into its domestication process",Theobroma cacao,Illumina HiSeq 2500,Washington State University,SRP163257,Theobroma cacao breed:multiple breeds Genome sequencing,SRS3730460,,4320.85,1,65134240,11223748548,SPEC_194_75,WGS,GENOMIC,RANDOM
SRX4629499,"Population genomic analyses of the chocolate tree, Theobroma cacao L., provide             insights into its domestication process",Theobroma cacao,Illumina HiSeq 2500,Washington State University,SRP163257,Theobroma cacao breed:multiple breeds Genome sequencing,SRS3730459,,6683.23,1,82767393,14322333327,SPEC_54_1,WGS,GENOMIC,RANDOM
SRX4629498,"Population genomic analyses of the chocolate tree, Theobroma cacao L., provide             insights into its domestication process",Theobroma cacao,Illumina HiSeq 2500,Washington State University,SRP163257,Theobroma cacao breed:multiple breeds Genome sequencing,SRS3730458,,5522.1,1,87700644,12372361463,LCTEEN_141,WGS,GENOMIC,RANDOM
SRX4629497,"Population genomic analyses of the chocolate tree, Theobroma cacao L., provide             insights into its domestication process",Theobroma cacao,Illumina HiSeq 2500,Washington State University,SRP163257,Theobroma cacao breed:multiple breeds Genome sequencing,SRS3730516,,6393.91,1,85604333,14762622666,JA_5_36,WGS,GENOMIC,RANDOM
SRX4629496,"Population genomic analyses of the chocolate tree, Theobroma cacao L., provide             insights into its domestication process",Theobroma cacao,Illumina HiSeq 2500,Washington State University,SRP163257,Theobroma cacao breed:multiple breeds Genome sequencing,SRS3730457,,4918.91,1,69125300,11934247185,IMC_12,WGS,GENOMIC,RANDOM
SRX4629495,"Population genomic analyses of the chocolate tree, Theobroma cacao L., provide             insights into its domestication process",Theobroma cacao,Illumina HiSeq 2500,Washington State University,SRP163257,Theobroma cacao breed:multiple breeds Genome sequencing,SRS3730456,,3925.81,1,54223324,9359034483,IMC_14,WGS,GENOMIC,RANDOM
SRX4629494,"Population genomic analyses of the chocolate tree, Theobroma cacao L., provide             insights into its domestication process",Theobroma cacao,Illumina HiSeq 2500,Washington State University,SRP163257,Theobroma cacao breed:multiple breeds Genome sequencing,SRS3730455,,3448.83,1,46303380,7973988567,IMC_20,WGS,GENOMIC,RANDOM
SRX4629493,"Population genomic analyses of the chocolate tree, Theobroma cacao L., provide             insights into its domestication process",Theobroma cacao,Illumina HiSeq 2500,Washington State University,SRP163257,Theobroma cacao breed:multiple breeds Genome sequencing,SRS3730453,,3768.42,1,53717075,9235066356,JA_5_5,WGS,GENOMIC,RANDOM
SRX4629492,"Population genomic analyses of the chocolate tree, Theobroma cacao L., provide             insights into its domestication process",Theobroma cacao,Illumina HiSeq 2500,Washington State University,SRP163257,Theobroma cacao breed:multiple breeds Genome sequencing,SRS3730454,,1531.76,1,22373853,3861974892,TAP3_G70_A2,WGS,GENOMIC,RANDOM
SRX4629491,"Population genomic analyses of the chocolate tree, Theobroma cacao L., provide             insights into its domestication process",Theobroma cacao,Illumina HiSeq 2500,Washington State University,SRP163257,Theobroma cacao breed:multiple breeds Genome sequencing,SRS3730452,,1796.28,1,23652385,4085958567,TAP10_G12_A1,WGS,GENOMIC,RANDOM
SRX4629490,"Population genomic analyses of the chocolate tree, Theobroma cacao L., provide             insights into its domestication process",Theobroma cacao,Illumina HiSeq 2500,Washington State University,SRP163257,Theobroma cacao breed:multiple breeds Genome sequencing,SRS3730451,,1615.68,1,20886695,3601649403,T695_SCA-6_A1,WGS,GENOMIC,RANDOM
SRX4629489,"Population genomic analyses of the chocolate tree, Theobroma cacao L., provide             insights into its domestication process",Theobroma cacao,Illumina HiSeq 2500,Washington State University,SRP163257,Theobroma cacao breed:multiple breeds Genome sequencing,SRS3730450,,1459.61,1,17425447,2995261839,T686_LCT-368_A1,WGS,GENOMIC,RANDOM
SRX4629488,"Population genomic analyses of the chocolate tree, Theobroma cacao L., provide             insights into its domestication process",Theobroma cacao,Illumina HiSeq 2500,Washington State University,SRP163257,Theobroma cacao breed:multiple breeds Genome sequencing,SRS3730449,,1113.52,1,12818787,2212412697,T685_EET387_A1,WGS,GENOMIC,RANDOM
SRX4629487,"Population genomic analyses of the chocolate tree, Theobroma cacao L., provide             insights into its domestication process",Theobroma cacao,Illumina HiSeq 2500,Washington State University,SRP163257,Theobroma cacao breed:multiple breeds Genome sequencing,SRS3730448,,1703.66,1,20077415,3466377888,T684_EET233_A1,WGS,GENOMIC,RANDOM
SRX4629486,"Population genomic analyses of the chocolate tree, Theobroma cacao L., provide             insights into its domestication process",Theobroma cacao,Illumina HiSeq 2500,Washington State University,SRP163257,Theobroma cacao breed:multiple breeds Genome sequencing,SRS3730447,,1512.29,1,17637023,3036765015,T682_A1_D147,WGS,GENOMIC,RANDOM
SRX4629485,"Population genomic analyses of the chocolate tree, Theobroma cacao L., provide             insights into its domestication process",Theobroma cacao,Illumina HiSeq 2500,Washington State University,SRP163257,Theobroma cacao breed:multiple breeds Genome sequencing,SRS3730446,,1647.58,1,21482988,3698064021,T680_A1,WGS,GENOMIC,RANDOM
SRX4629484,"Population genomic analyses of the chocolate tree, Theobroma cacao L., provide             insights into its domestication process",Theobroma cacao,Illumina HiSeq 2500,Washington State University,SRP163257,Theobroma cacao breed:multiple breeds Genome sequencing,SRS3730445,,1241.93,1,14064144,2431644606,T678_B60_A1,WGS,GENOMIC,RANDOM
SRX4629483,"Population genomic analyses of the chocolate tree, Theobroma cacao L., provide             insights into its domestication process",Theobroma cacao,Illumina HiSeq 2500,Washington State University,SRP163257,Theobroma cacao breed:multiple breeds Genome sequencing,SRS3730444,,2014.3,1,23777321,4102186590,T675_A645_A1,WGS,GENOMIC,RANDOM
SRX4629482,"Population genomic analyses of the chocolate tree, Theobroma cacao L., provide             insights into its domestication process",Theobroma cacao,Illumina HiSeq 2500,Washington State University,SRP163257,Theobroma cacao breed:multiple breeds Genome sequencing,SRS3730443,,1912.59,1,25343056,4374563667,EET400_Arbol-122,WGS,GENOMIC,RANDOM
SRX4629481,"Population genomic analyses of the chocolate tree, Theobroma cacao L., provide             insights into its domestication process",Theobroma cacao,Illumina HiSeq 2500,Washington State University,SRP163257,Theobroma cacao breed:multiple breeds Genome sequencing,SRS3730442,,13333.81,1,273055167,30843367455,IMC_51,WGS,GENOMIC,RANDOM
SRX4629480,"Population genomic analyses of the chocolate tree, Theobroma cacao L., provide             insights into its domestication process",Theobroma cacao,Illumina HiSeq 2500,Washington State University,SRP163257,Theobroma cacao breed:multiple breeds Genome sequencing,SRS3730441,,3915.26,1,50763773,8770991304,JA_5_35,WGS,GENOMIC,RANDOM
SRX4629479,"Population genomic analyses of the chocolate tree, Theobroma cacao L., provide             insights into its domestication process",Theobroma cacao,Illumina HiSeq 2500,Washington State University,SRP163257,Theobroma cacao breed:multiple breeds Genome sequencing,SRS3730440,,1544.18,1,21247119,3675434451,CRUZ_7_14,WGS,GENOMIC,RANDOM
SRX4629478,"Population genomic analyses of the chocolate tree, Theobroma cacao L., provide             insights into its domestication process",Theobroma cacao,Illumina HiSeq 2500,Washington State University,SRP163257,Theobroma cacao breed:multiple breeds Genome sequencing,SRS3730439,,4408.25,1,78463778,10031054760,COCA_3370_5,WGS,GENOMIC,RANDOM
SRX4629477,"Population genomic analyses of the chocolate tree, Theobroma cacao L., provide             insights into its domestication process",Theobroma cacao,Illumina HiSeq 2500,Washington State University,SRP163257,Theobroma cacao breed:multiple breeds Genome sequencing,SRS3730437,,3506.02,1,46303782,7999433805,CRU_59,WGS,GENOMIC,RANDOM
SRX4629476,"Population genomic analyses of the chocolate tree, Theobroma cacao L., provide             insights into its domestication process",Theobroma cacao,Illumina HiSeq 2500,Washington State University,SRP163257,Theobroma cacao breed:multiple breeds Genome sequencing,SRS3730438,,2348.27,1,36098403,6234408516,CRU_101,WGS,GENOMIC,RANDOM
SRX4629475,"Population genomic analyses of the chocolate tree, Theobroma cacao L., provide             insights into its domestication process",Theobroma cacao,Illumina HiSeq 2500,Washington State University,SRP163257,Theobroma cacao breed:multiple breeds Genome sequencing,SRS3730436,,3866.8,1,51766792,8916061629,CCN51,WGS,GENOMIC,RANDOM
SRX4629474,"Population genomic analyses of the chocolate tree, Theobroma cacao L., provide             insights into its domestication process",Theobroma cacao,Illumina HiSeq 2500,Washington State University,SRP163257,Theobroma cacao breed:multiple breeds Genome sequencing,SRS3730435,,8088.66,1,147375758,17435218296,CCN10,WGS,GENOMIC,RANDOM
SRX4629473,"Population genomic analyses of the chocolate tree, Theobroma cacao L., provide             insights into its domestication process",Theobroma cacao,Illumina HiSeq 2500,Washington State University,SRP163257,Theobroma cacao breed:multiple breeds Genome sequencing,SRS3730434,,3435.06,1,45279663,7816140378,CL_27_50,WGS,GENOMIC,RANDOM
SRX4629472,"Population genomic analyses of the chocolate tree, Theobroma cacao L., provide             insights into its domestication process",Theobroma cacao,Illumina HiSeq 2500,Washington State University,SRP163257,Theobroma cacao breed:multiple breeds Genome sequencing,SRS3730433,,3404.02,1,38726055,6665820027,CC_71,WGS,GENOMIC,RANDOM
SRX4629471,"Population genomic analyses of the chocolate tree, Theobroma cacao L., provide             insights into its domestication process",Theobroma cacao,Illumina HiSeq 2500,Washington State University,SRP163257,Theobroma cacao breed:multiple breeds Genome sequencing,SRS3730431,,4690.73,1,63331814,10852376259,EB-19-1S,WGS,GENOMIC,RANDOM
SRX4629470,"Population genomic analyses of the chocolate tree, Theobroma cacao L., provide             insights into its domestication process",Theobroma cacao,Illumina HiSeq 2500,Washington State University,SRP163257,Theobroma cacao breed:multiple breeds Genome sequencing,SRS3730432,,4913.37,1,92321727,12035416527,CS_146,WGS,GENOMIC,RANDOM
SRX4629469,"Population genomic analyses of the chocolate tree, Theobroma cacao L., provide             insights into its domestication process",Theobroma cacao,Illumina HiSeq 2500,Washington State University,SRP163257,Theobroma cacao breed:multiple breeds Genome sequencing,SRS3730430,,3877.52,1,58910889,10167816324,CRU_89,WGS,GENOMIC,RANDOM
